{
	"description": "项目配置文件",
	"packOptions": {
		"ignore": []
	},
	"setting": {
		"urlCheck": true,
		"es6": true,
		"postcss": true,
		"minified": true,
		"newFeature": true,
		"coverView": true,
		"autoAudits": false,
		"checkInvalidKey": true,
		"checkSiteMap": true,
		"uploadWithSourceMap": true,
		"babelSetting": {
			"ignore": [],
			"disablePlugins": [],
			"outputPath": ""
		}
	},
	"compileType": "miniprogram",
	"libVersion": "2.9.4",
	"appid": "wxf5271c5cf579912e",
	"projectname": "miniprogram-test-1",
	"debugOptions": {
		"hidedInDevtools": []
	},
	"isGameTourist": false,
	"simulatorType": "wechat",
	"simulatorPluginLibVersion": {},
	"condition": {
		"search": {
			"current": -1,
			"list": []
		},
		"conversation": {
			"current": -1,
			"list": []
		},
		"plugin": {
			"current": -1,
			"list": []
		},
		"game": {
			"currentL": -1,
			"list": []
		},
		"miniprogram": {
			"current": 4,
			"list": [
				{
					"id": -1,
					"name": "排行榜",
					"pathName": "pages/ranking/ranking",
					"query": "",
					"scene": null
				},
				{
					"id": -1,
					"name": "排行榜",
					"pathName": "pages/prize/prize",
					"query": "",
					"scene": null
				},
				{
					"id": -1,
					"name": "编辑",
					"pathName": "pages/edit/edit",
					"query": "",
					"scene": null
				},
				{
					"id": -1,
					"name": "上传图片",
					"pathName": "pages/test/test",
					"query": "",
					"scene": null
				},
				{
					"id": -1,
					"name": "奖品",
					"pathName": "pages/prize/prize",
					"scene": null
				}
			]
		}
	}
}